Address,Date1,Core,Floor,PlotNo,AptType,Beds,ComDate,Filename
"8 Gas Holder Place, London, SE11 5BJ",01/05/2025,1,0,B.1-0-1,Type BB,2,01/05/2025,"R459-MBS-BZ-00-CT-X-56101 - B101 - HIU Commissioning Cert - 8 Gas Holder Place, London, SE11 5BJ.pdf"
"6 Gas Holder Place, London, SE11 5BJ",01/05/2025,1,0,B.1-0-2,Type E,1,01/05/2025,"R459-MBS-BZ-00-CT-X-56102 - B102 - HIU Commissioning Cert - 6 Gas Holder Place, London, SE11 5BJ.pdf"
"4 Gas Holder Place, London, SE11 5BJ",01/05/2025,1,0,B.1-0-3,Type F,1,01/05/2025,"R459-MBS-BZ-00-CT-X-56103 - B103 - HIU Commissioning Cert - 4 Gas Holder Place, London, SE11 5BJ.pdf"
"2 Gas Holder Place, London, SE11 5BJ",01/05/2025,1,0,B.1-0-4,Type CC,2,01/05/2025,"R459-MBS-BZ-00-CT-X-56104 - B104 - HIU Commissioning Cert - 2 Gas Holder Place, London, SE11 5BJ.pdf"
"10 Gas Holder Place, London, SE11 5BF",01/05/2025,1,0,B.1-0-5,Type A-1,1,01/05/2025,"R459-MBS-BZ-00-CT-X-56105 - B105 - HIU Commissioning Cert - Flat 1 - 10 Gas Holder Place, London, SE11 5BF.pdf"
"10 Gas Holder Place, London, SE11 5BF",01/05/2025,1,0,B.1-0-6,Type B-1,1,01/05/2025,"R459-MBS-BZ-00-CT-X-56106 - B106 - HIU Commissioning Cert - Flat 2 - 10 Gas Holder Place, London, SE11 5BF.pdf"
"10 Gas Holder Place, London, SE11 5BF",01/05/2025,1,1,B.1-1-1,Type NN-2,2,01/05/2025,"R459-MBS-BZ-01-CT-X-56111 - B111 - HIU Commissioning Cert - Flat 3 - 10 Gas Holder Place, London, SE11 5BF.pdf"
"10 Gas Holder Place, London, SE11 5BF",01/05/2025,1,1,B.1-1-2,Type I-2,1,01/05/2025,"R459-MBS-BZ-01-CT-X-56112 - B112 - HIU Commissioning Cert - Flat 4 - 10 Gas Holder Place, London, SE11 5BF.pdf"
"10 Gas Holder Place, London, SE11 5BF",01/05/2025,1,1,B.1-1-3,Type FF-1,2,01/05/2025,"R459-MBS-BZ-01-CT-X-56113 - B113 - HIU Commissioning Cert - Flat 5 - 10 Gas Holder Place, London, SE11 5BF.pdf"
"10 Gas Holder Place, London, SE11 5BF",01/05/2025,1,1,B.1-1-4,Type J-1 (WC),1,01/05/2025,"R459-MBS-BZ-01-CT-X-56114 - B114 - HIU Commissioning Cert - Flat 6 - 10 Gas Holder Place, London, SE11 5BF.pdf"
"10 Gas Holder Place, London, SE11 5BF",01/05/2025,1,1,B.1-1-5,Type K-1,1,01/05/2025,"R459-MBS-BZ-01-CT-X-56115 - B115 - HIU Commissioning Cert - Flat 7 - 10 Gas Holder Place, London, SE11 5BF.pdf"
"10 Gas Holder Place, London, SE11 5BF",01/05/2025,1,1,B.1-1-6,Type L-1,1,01/05/2025,"R459-MBS-BZ-01-CT-X-56116 - B116 - HIU Commissioning Cert - Flat 8 - 10 Gas Holder Place, London, SE11 5BF.pdf"
"10 Gas Holder Place, London, SE11 5BF",01/05/2025,1,1,B.1-1-7,Type OO-2,2,01/05/2025,"R459-MBS-BZ-01-CT-X-56117 - B117 - HIU Commissioning Cert - Flat 9 - 10 Gas Holder Place, London, SE11 5BF.pdf"
"10 Gas Holder Place, London, SE11 5BF",01/05/2025,1,1,B.1-1-8,Type M-1,1,01/05/2025,"R459-MBS-BZ-01-CT-X-56118 - B118 - HIU Commissioning Cert - Flat 10 - 10 Gas Holder Place, London, SE11 5BF.pdf"
"10 Gas Holder Place, London, SE11 5BF",01/05/2025,1,1,B.1-1-9,Type N-1,1,01/05/2025,"R459-MBS-BZ-01-CT-X-56119 - B119 - HIU Commissioning Cert - Flat 11 - 10 Gas Holder Place, London, SE11 5BF.pdf"
"10 Gas Holder Place, London, SE11 5BF",01/05/2025,1,1,B.1-1-10,Type AB-1,1,01/05/2025,"R459-MBS-BZ-01-CT-X-561110 - B1110 - HIU Commissioning Cert - Flat 23 - 10 Gas Holder Place, London, SE11 5BF.pdf"
"10 Gas Holder Place, London, SE11 5BF",01/05/2025,1,1,B.1-1-11,Type B-2,1,01/05/2025,"R459-MBS-BZ-01-CT-X-561111 - B1111 - HIU Commissioning Cert - Flat 24 - 10 Gas Holder Place, London, SE11 5BF.pdf"
"10 Gas Holder Place, London, SE11 5BF",01/05/2025,1,2,B.1-2-1,Type NN-3,2,01/05/2025,"R459-MBS-BZ-02-CT-X-56121 - B121 - HIU Commissioning Cert - Flat 25 - 10 Gas Holder Place, London, SE11 5BF.pdf"
"10 Gas Holder Place, London, SE11 5BF",01/05/2025,1,2,B.1-2-2,Type I-3,1,01/05/2025,"R459-MBS-BZ-02-CT-X-56122 - B122 - HIU Commissioning Cert - Flat 26 - 10 Gas Holder Place, London, SE11 5BF.pdf"
"10 Gas Holder Place, London, SE11 5BF",01/05/2025,1,2,B.1-2-3,Type FF,2,01/05/2025,"R459-MBS-BZ-02-CT-X-56123 - B123 - HIU Commissioning Cert - Flat 27 - 10 Gas Holder Place, London, SE11 5BF.pdf"
"10 Gas Holder Place, London, SE11 5BF",01/05/2025,1,2,B.1-2-4,Type J (WC),1,01/05/2025,"R459-MBS-BZ-02-CT-X-56124 - B124 - HIU Commissioning Cert - Flat 28 - 10 Gas Holder Place, London, SE11 5BF.pdf"
"10 Gas Holder Place, London, SE11 5BF",01/05/2025,1,2,B.1-2-5,Type K,1,01/05/2025,"R459-MBS-BZ-02-CT-X-56125 - B125 - HIU Commissioning Cert - Flat 29 - 10 Gas Holder Place, London, SE11 5BF.pdf"
"10 Gas Holder Place, London, SE11 5BF",01/05/2025,1,2,B.1-2-6,Type L,1,01/05/2025,"R459-MBS-BZ-02-CT-X-56126 - B126 - HIU Commissioning Cert - Flat 30 - 10 Gas Holder Place, London, SE11 5BF.pdf"
"10 Gas Holder Place, London, SE11 5BF",01/05/2025,1,2,B.1-2-7,Type OO,2,01/05/2025,"R459-MBS-BZ-02-CT-X-56127 - B127 - HIU Commissioning Cert - Flat 31 - 10 Gas Holder Place, London, SE11 5BF.pdf"
"10 Gas Holder Place, London, SE11 5BF",01/05/2025,1,2,B.1-2-8,Type M,1,01/05/2025,"R459-MBS-BZ-02-CT-X-56128 - B128 - HIU Commissioning Cert - Flat 32 - 10 Gas Holder Place, London, SE11 5BF.pdf"
"10 Gas Holder Place, London, SE11 5BF",01/05/2025,1,2,B.1-2-9,Type N,1,01/05/2025,"R459-MBS-BZ-02-CT-X-56129 - B129 - HIU Commissioning Cert - Flat 33 - 10 Gas Holder Place, London, SE11 5BF.pdf"
"10 Gas Holder Place, London, SE11 5BF",01/05/2025,1,2,B.1-2-10,Type AB,1,01/05/2025,"R459-MBS-BZ-02-CT-X-561210 - B1210 - HIU Commissioning Cert - Flat 45 - 10 Gas Holder Place, London, SE11 5BF.pdf"
"10 Gas Holder Place, London, SE11 5BF",01/05/2025,1,2,B.1-2-11,Type B,1,01/05/2025,"R459-MBS-BZ-02-CT-X-561211 - B1211 - HIU Commissioning Cert - Flat 46 - 10 Gas Holder Place, London, SE11 5BF.pdf"
"10 Gas Holder Place, London, SE11 5BF",01/05/2025,1,3,B.1-3-1,Type NN,2,01/05/2025,"R459-MBS-BZ-03-CT-X-56131 - B131 - HIU Commissioning Cert - Flat 47 - 10 Gas Holder Place, London, SE11 5BF.pdf"
"10 Gas Holder Place, London, SE11 5BF",01/05/2025,1,3,B.1-3-2,Type I,1,01/05/2025,"R459-MBS-BZ-03-CT-X-56132 - B132 - HIU Commissioning Cert - Flat 48 - 10 Gas Holder Place, London, SE11 5BF.pdf"
"10 Gas Holder Place, London, SE11 5BF",01/05/2025,1,3,B.1-3-3,Type FF,2,01/05/2025,"R459-MBS-BZ-03-CT-X-56133 - B133 - HIU Commissioning Cert - Flat 49 - 10 Gas Holder Place, London, SE11 5BF.pdf"
"10 Gas Holder Place, London, SE11 5BF",01/05/2025,1,3,B.1-3-4,Type J (WC),1,01/05/2025,"R459-MBS-BZ-03-CT-X-56134 - B134 - HIU Commissioning Cert - Flat 50 - 10 Gas Holder Place, London, SE11 5BF.pdf"
"10 Gas Holder Place, London, SE11 5BF",01/05/2025,1,3,B.1-3-5,Type K,1,01/05/2025,"R459-MBS-BZ-03-CT-X-56135 - B135 - HIU Commissioning Cert - Flat 51 - 10 Gas Holder Place, London, SE11 5BF.pdf"
"10 Gas Holder Place, London, SE11 5BF",01/05/2025,1,3,B.1-3-6,Type L,1,01/05/2025,"R459-MBS-BZ-03-CT-X-56136 - B136 - HIU Commissioning Cert - Flat 52 - 10 Gas Holder Place, London, SE11 5BF.pdf"
"10 Gas Holder Place, London, SE11 5BF",01/05/2025,1,3,B.1-3-7,Type OO,2,01/05/2025,"R459-MBS-BZ-03-CT-X-56137 - B137 - HIU Commissioning Cert - Flat 53 - 10 Gas Holder Place, London, SE11 5BF.pdf"
"10 Gas Holder Place, London, SE11 5BF",01/05/2025,1,3,B.1-3-8,Type M,1,01/05/2025,"R459-MBS-BZ-03-CT-X-56138 - B138 - HIU Commissioning Cert - Flat 54 - 10 Gas Holder Place, London, SE11 5BF.pdf"
"10 Gas Holder Place, London, SE11 5BF",01/05/2025,1,3,B.1-3-9,Type N,1,01/05/2025,"R459-MBS-BZ-03-CT-X-56139 - B139 - HIU Commissioning Cert - Flat 55 - 10 Gas Holder Place, London, SE11 5BF.pdf"
"10 Gas Holder Place, London, SE11 5BH",01/05/2025,1,3,B.1-3-10,Type AB,1,01/05/2025,"R459-MBS-BZ-03-CT-X-561310 - B1310 - HIU Commissioning Cert - Flat 66 - 10 Gas Holder Place, London, SE11 5BH.pdf"
"10 Gas Holder Place, London, SE11 5BH",01/05/2025,1,3,B.1-3-11,Type B,1,01/05/2025,"R459-MBS-BZ-03-CT-X-561311 - B1311 - HIU Commissioning Cert - Flat 67 - 10 Gas Holder Place, London, SE11 5BH.pdf"
"10 Gas Holder Place, London, SE11 5BH",01/05/2025,1,4,B.1-4-1,Type NN,2,01/05/2025,"R459-MBS-BZ-04-CT-X-56141 - B141 - HIU Commissioning Cert - Flat 68 - 10 Gas Holder Place, London, SE11 5BH.pdf"
"10 Gas Holder Place, London, SE11 5BH",01/05/2025,1,4,B.1-4-2,Type I,1,01/05/2025,"R459-MBS-BZ-04-CT-X-56142 - B142 - HIU Commissioning Cert - Flat 69 - 10 Gas Holder Place, London, SE11 5BH.pdf"
"10 Gas Holder Place, London, SE11 5BH",01/05/2025,1,4,B.1-4-3,Type FF,2,01/05/2025,"R459-MBS-BZ-04-CT-X-56143 - B143 - HIU Commissioning Cert - Flat 70 - 10 Gas Holder Place, London, SE11 5BH.pdf"
"10 Gas Holder Place, London, SE11 5BH",01/05/2025,1,4,B.1-4-4,Type J (WC),1,01/05/2025,"R459-MBS-BZ-04-CT-X-56144 - B144 - HIU Commissioning Cert - Flat 71 - 10 Gas Holder Place, London, SE11 5BH.pdf"
"10 Gas Holder Place, London, SE11 5BH",01/05/2025,1,4,B.1-4-5,Type K,1,01/05/2025,"R459-MBS-BZ-04-CT-X-56145 - B145 - HIU Commissioning Cert - Flat 72 - 10 Gas Holder Place, London, SE11 5BH.pdf"
"10 Gas Holder Place, London, SE11 5BH",01/05/2025,1,4,B.1-4-6,Type L,1,01/05/2025,"R459-MBS-BZ-04-CT-X-56146 - B146 - HIU Commissioning Cert - Flat 73 - 10 Gas Holder Place, London, SE11 5BH.pdf"
"10 Gas Holder Place, London, SE11 5BH",01/05/2025,1,4,B.1-4-7,Type OO,2,01/05/2025,"R459-MBS-BZ-04-CT-X-56147 - B147 - HIU Commissioning Cert - Flat 74 - 10 Gas Holder Place, London, SE11 5BH.pdf"
"10 Gas Holder Place, London, SE11 5BH",01/05/2025,1,4,B.1-4-8,Type M,1,01/05/2025,"R459-MBS-BZ-04-CT-X-56148 - B148 - HIU Commissioning Cert - Flat 75 - 10 Gas Holder Place, London, SE11 5BH.pdf"
"10 Gas Holder Place, London, SE11 5BH",01/05/2025,1,4,B.1-4-9,Type N,1,01/05/2025,"R459-MBS-BZ-04-CT-X-56149 - B149 - HIU Commissioning Cert - Flat 76 - 10 Gas Holder Place, London, SE11 5BH.pdf"
"10 Gas Holder Place, London, SE11 5BH",01/05/2025,1,4,B.1-4-10,Type AB,1,01/05/2025,"R459-MBS-BZ-04-CT-X-561410 - B1410 - HIU Commissioning Cert - Flat 87 - 10 Gas Holder Place, London, SE11 5BH.pdf"
"10 Gas Holder Place, London, SE11 5BH",01/05/2025,1,4,B.1-4-11,Type B,1,01/05/2025,"R459-MBS-BZ-04-CT-X-561411 - B1411 - HIU Commissioning Cert - Flat 88 - 10 Gas Holder Place, London, SE11 5BH.pdf"
"10 Gas Holder Place, London, SE11 5BH",01/05/2025,1,5,B.1-5-1,Type NN,2,01/05/2025,"R459-MBS-BZ-05-CT-X-56151 - B151 - HIU Commissioning Cert - Flat 89 - 10 Gas Holder Place, London, SE11 5BH.pdf"
"10 Gas Holder Place, London, SE11 5BH",01/05/2025,1,5,B.1-5-2,Type I-1,1,01/05/2025,"R459-MBS-BZ-05-CT-X-56152 - B152 - HIU Commissioning Cert - Flat 90 - 10 Gas Holder Place, London, SE11 5BH.pdf"
"10 Gas Holder Place, London, SE11 5BH",01/05/2025,1,5,B.1-5-3,Type FF,2,01/05/2025,"R459-MBS-BZ-05-CT-X-56153 - B153 - HIU Commissioning Cert - Flat 91 - 10 Gas Holder Place, London, SE11 5BH.pdf"
"10 Gas Holder Place, London, SE11 5BH",01/05/2025,1,5,B.1-5-4,Type J (WC),1,01/05/2025,"R459-MBS-BZ-05-CT-X-56154 - B154 - HIU Commissioning Cert - Flat 92 - 10 Gas Holder Place, London, SE11 5BH.pdf"
"10 Gas Holder Place, London, SE11 5BH",01/05/2025,1,5,B.1-5-5,Type K,1,01/05/2025,"R459-MBS-BZ-05-CT-X-56155 - B155 - HIU Commissioning Cert - Flat 93 - 10 Gas Holder Place, London, SE11 5BH.pdf"
"10 Gas Holder Place, London, SE11 5BH",01/05/2025,1,5,B.1-5-6,Type L,1,01/05/2025,"R459-MBS-BZ-05-CT-X-56156 - B156 - HIU Commissioning Cert - Flat 94 - 10 Gas Holder Place, London, SE11 5BH.pdf"
"10 Gas Holder Place, London, SE11 5BH",01/05/2025,1,5,B.1-5-7,Type OO,2,01/05/2025,"R459-MBS-BZ-05-CT-X-56157 - B157 - HIU Commissioning Cert - Flat 95 - 10 Gas Holder Place, London, SE11 5BH.pdf"
"10 Gas Holder Place, London, SE11 5BH",01/05/2025,1,5,B.1-5-8,Type M,1,01/05/2025,"R459-MBS-BZ-05-CT-X-56158 - B158 - HIU Commissioning Cert - Flat 96 - 10 Gas Holder Place, London, SE11 5BH.pdf"
"10 Gas Holder Place, London, SE11 5BH",01/05/2025,1,5,B.1-5-9,Type N,1,01/05/2025,"R459-MBS-BZ-05-CT-X-56159 - B159 - HIU Commissioning Cert - Flat 97 - 10 Gas Holder Place, London, SE11 5BH.pdf"
"10 Gas Holder Place, London, SE11 5BH",01/05/2025,1,5,B.1-5-10,Type A-1,1,01/05/2025,"R459-MBS-BZ-05-CT-X-561510 - B1510 - HIU Commissioning Cert - Flat 98 - 10 Gas Holder Place, London, SE11 5BH.pdf"
"10 Gas Holder Place, London, SE11 5BH",01/05/2025,1,5,B.1-5-11,Type B,1,01/05/2025,"R459-MBS-BZ-05-CT-X-561511 - B1511 - HIU Commissioning Cert - Flat 99 - 10 Gas Holder Place, London, SE11 5BH.pdf"
"10 Gas Holder Place, London, SE11 5BH",01/05/2025,1,6,B.1-6-1,Type NN-1,2,01/05/2025,"R459-MBS-BZ-06-CT-X-56161 - B161 - HIU Commissioning Cert - Flat 100 - 10 Gas Holder Place, London, SE11 5BH.pdf"
"10 Gas Holder Place, London, SE11 5BH",01/05/2025,1,6,B.1-6-2,Type I-1,1,01/05/2025,"R459-MBS-BZ-06-CT-X-56162 - B162 - HIU Commissioning Cert - Flat 101 - 10 Gas Holder Place, London, SE11 5BH.pdf"
"10 Gas Holder Place, London, SE11 5BH",01/05/2025,1,6,B.1-6-3,Type FF,2,01/05/2025,"R459-MBS-BZ-06-CT-X-56163 - B163 - HIU Commissioning Cert - Flat 102 - 10 Gas Holder Place, London, SE11 5BH.pdf"
"10 Gas Holder Place, London, SE11 5BH",01/05/2025,1,6,B.1-6-4,Type J (WC),1,01/05/2025,"R459-MBS-BZ-06-CT-X-56164 - B164 - HIU Commissioning Cert - Flat 103 - 10 Gas Holder Place, London, SE11 5BH.pdf"
"10 Gas Holder Place, London, SE11 5BH",01/05/2025,1,6,B.1-6-5,Type K,1,01/05/2025,"R459-MBS-BZ-06-CT-X-56165 - B165 - HIU Commissioning Cert - Flat 104 - 10 Gas Holder Place, London, SE11 5BH.pdf"
"10 Gas Holder Place, London, SE11 5BH",01/05/2025,1,6,B.1-6-6,Type L,1,01/05/2025,"R459-MBS-BZ-06-CT-X-56166 - B166 - HIU Commissioning Cert - Flat 105 - 10 Gas Holder Place, London, SE11 5BH.pdf"
"10 Gas Holder Place, London, SE11 5BH",01/05/2025,1,6,B.1-6-7,Type OO,2,01/05/2025,"R459-MBS-BZ-06-CT-X-56167 - B167 - HIU Commissioning Cert - Flat 106 - 10 Gas Holder Place, London, SE11 5BH.pdf"
"10 Gas Holder Place, London, SE11 5BH",01/05/2025,1,6,B.1-6-8,Type M,1,01/05/2025,"R459-MBS-BZ-06-CT-X-56168 - B168 - HIU Commissioning Cert - Flat 107 - 10 Gas Holder Place, London, SE11 5BH.pdf"
"10 Gas Holder Place, London, SE11 5BH",01/05/2025,1,6,B.1-6-9,Type N,1,01/05/2025,"R459-MBS-BZ-06-CT-X-56169 - B169 - HIU Commissioning Cert - Flat 108 - 10 Gas Holder Place, London, SE11 5BH.pdf"
"10 Gas Holder Place, London, SE11 5BH",01/05/2025,1,6,B.1-6-10,Type A-1,1,01/05/2025,"R459-MBS-BZ-06-CT-X-561610 - B1610 - HIU Commissioning Cert - Flat 109 - 10 Gas Holder Place, London, SE11 5BH.pdf"
"10 Gas Holder Place, London, SE11 5BH",01/05/2025,1,6,B.1-6-11,Type B,1,01/05/2025,"R459-MBS-BZ-06-CT-X-561611 - B1611 - HIU Commissioning Cert - Flat 110 - 10 Gas Holder Place, London, SE11 5BH.pdf"
"10 Gas Holder Place, London, SE11 5BH",01/05/2025,1,7,B.1-7-1,Type NN-1,2,01/05/2025,"R459-MBS-BZ-07-CT-X-56171 - B171 - HIU Commissioning Cert - Flat 111 - 10 Gas Holder Place, London, SE11 5BH.pdf"
"10 Gas Holder Place, London, SE11 5BH",01/05/2025,1,7,B.1-7-2,Type V,1,01/05/2025,"R459-MBS-BZ-07-CT-X-56172 - B172 - HIU Commissioning Cert - Flat 112 - 10 Gas Holder Place, London, SE11 5BH.pdf"
"10 Gas Holder Place, London, SE11 5BH",01/05/2025,1,7,B.1-7-3,Type HH,2,01/05/2025,"R459-MBS-BZ-07-CT-X-56173 - B173 - HIU Commissioning Cert - Flat 113 - 10 Gas Holder Place, London, SE11 5BH.pdf"
"10 Gas Holder Place, London, SE11 5BH",01/05/2025,1,7,B.1-7-4,Type K,1,01/05/2025,"R459-MBS-BZ-07-CT-X-56174 - B174 - HIU Commissioning Cert - Flat 114 - 10 Gas Holder Place, London, SE11 5BH.pdf"
"10 Gas Holder Place, London, SE11 5BH",01/05/2025,1,7,B.1-7-5,Type L,1,01/05/2025,"R459-MBS-BZ-07-CT-X-56175 - B175 - HIU Commissioning Cert - Flat 115 - 10 Gas Holder Place, London, SE11 5BH.pdf"
"10 Gas Holder Place, London, SE11 5BH",01/05/2025,1,7,B.1-7-6,Type OO,2,01/05/2025,"R459-MBS-BZ-07-CT-X-56176 - B176 - HIU Commissioning Cert - Flat 116 - 10 Gas Holder Place, London, SE11 5BH.pdf"
"10 Gas Holder Place, London, SE11 5BH",01/05/2025,1,7,B.1-7-7,Type M,1,01/05/2025,"R459-MBS-BZ-07-CT-X-56177 - B177 - HIU Commissioning Cert - Flat 117 - 10 Gas Holder Place, London, SE11 5BH.pdf"
"10 Gas Holder Place, London, SE11 5BH",01/05/2025,1,7,B.1-7-8,Type N,1,01/05/2025,"R459-MBS-BZ-07-CT-X-56178 - B178 - HIU Commissioning Cert - Flat 118 - 10 Gas Holder Place, London, SE11 5BH.pdf"
"10 Gas Holder Place, London, SE11 5BH",01/05/2025,1,7,B.1-7-9,Type A,1,01/05/2025,"R459-MBS-BZ-07-CT-X-56179 - B179 - HIU Commissioning Cert - Flat 119 - 10 Gas Holder Place, London, SE11 5BH.pdf"
"10 Gas Holder Place, London, SE11 5BH",01/05/2025,1,7,B.1-7-10,Type B,1,01/05/2025,"R459-MBS-BZ-07-CT-X-561710 - B1710 - HIU Commissioning Cert - Flat 120 - 10 Gas Holder Place, London, SE11 5BH.pdf"
"10 Gas Holder Place, London, SE11 5BH",01/05/2025,1,8,B.1-8-1,Type NN-1,2,01/05/2025,"R459-MBS-BZ-08-CT-X-56181 - B181 - HIU Commissioning Cert - Flat 121 - 10 Gas Holder Place, London, SE11 5BH.pdf"
"10 Gas Holder Place, London, SE11 5BH",01/05/2025,1,8,B.1-8-2,Type I,1,01/05/2025,"R459-MBS-BZ-08-CT-X-56182 - B182 - HIU Commissioning Cert - Flat 122 - 10 Gas Holder Place, London, SE11 5BH.pdf"
"10 Gas Holder Place, London, SE11 5BH",01/05/2025,1,8,B.1-8-3,Type HH-1,2,01/05/2025,"R459-MBS-BZ-08-CT-X-56183 - B183 - HIU Commissioning Cert - Flat 123 - 10 Gas Holder Place, London, SE11 5BH.pdf"
"10 Gas Holder Place, London, SE11 5BH",01/05/2025,1,8,B.1-8-4,Type K,1,01/05/2025,"R459-MBS-BZ-08-CT-X-56184 - B184 - HIU Commissioning Cert - Flat 124 - 10 Gas Holder Place, London, SE11 5BH.pdf"
"10 Gas Holder Place, London, SE11 5BH",01/05/2025,1,8,B.1-8-5,Type L,1,01/05/2025,"R459-MBS-BZ-08-CT-X-56185 - B185 - HIU Commissioning Cert - Flat 125 - 10 Gas Holder Place, London, SE11 5BH.pdf"
"10 Gas Holder Place, London, SE11 5BH",01/05/2025,1,8,B.1-8-6,Type OO,2,01/05/2025,"R459-MBS-BZ-08-CT-X-56186 - B186 - HIU Commissioning Cert - Flat 126 - 10 Gas Holder Place, London, SE11 5BH.pdf"
"10 Gas Holder Place, London, SE11 5BH",01/05/2025,1,8,B.1-8-7,Type M,1,01/05/2025,"R459-MBS-BZ-08-CT-X-56187 - B187 - HIU Commissioning Cert - Flat 127 - 10 Gas Holder Place, London, SE11 5BH.pdf"
"10 Gas Holder Place, London, SE11 5BH",01/05/2025,1,8,B.1-8-8,Type N,1,01/05/2025,"R459-MBS-BZ-08-CT-X-56188 - B188 - HIU Commissioning Cert - Flat 128 - 10 Gas Holder Place, London, SE11 5BH.pdf"
"10 Gas Holder Place, London, SE11 5BH",01/05/2025,1,8,B.1-8-9,Type A,1,01/05/2025,"R459-MBS-BZ-08-CT-X-56189 - B189 - HIU Commissioning Cert - Flat 129 - 10 Gas Holder Place, London, SE11 5BH.pdf"
"10 Gas Holder Place, London, SE11 5BH",01/05/2025,1,8,B.1-8-10,Type B,1,01/05/2025,"R459-MBS-BZ-08-CT-X-561810 - B1810 - HIU Commissioning Cert - Flat 130 - 10 Gas Holder Place, London, SE11 5BH.pdf"
"10 Gas Holder Place, London, SE11 5BN",01/05/2025,1,9,B.1-9-1,Type NN-1,2,01/05/2025,"R459-MBS-BZ-09-CT-X-56191 - B191 - HIU Commissioning Cert - Flat 131 - 10 Gas Holder Place, London, SE11 5BN.pdf"
"10 Gas Holder Place, London, SE11 5BN",01/05/2025,1,9,B.1-9-2,Type I,1,01/05/2025,"R459-MBS-BZ-09-CT-X-56192 - B192 - HIU Commissioning Cert - Flat 132 - 10 Gas Holder Place, London, SE11 5BN.pdf"
"10 Gas Holder Place, London, SE11 5BN",01/05/2025,1,9,B.1-9-3,Type HH-1,2,01/05/2025,"R459-MBS-BZ-09-CT-X-56193 - B193 - HIU Commissioning Cert - Flat 133 - 10 Gas Holder Place, London, SE11 5BN.pdf"
"10 Gas Holder Place, London, SE11 5BN",01/05/2025,1,9,B.1-9-4,Type K,1,01/05/2025,"R459-MBS-BZ-09-CT-X-56194 - B194 - HIU Commissioning Cert - Flat 134 - 10 Gas Holder Place, London, SE11 5BN.pdf"
"10 Gas Holder Place, London, SE11 5BN",01/05/2025,1,9,B.1-9-5,Type L,1,01/05/2025,"R459-MBS-BZ-09-CT-X-56195 - B195 - HIU Commissioning Cert - Flat 135 - 10 Gas Holder Place, London, SE11 5BN.pdf"
"10 Gas Holder Place, London, SE11 5BN",01/05/2025,1,9,B.1-9-6,Type OO,2,01/05/2025,"R459-MBS-BZ-09-CT-X-56196 - B196 - HIU Commissioning Cert - Flat 136 - 10 Gas Holder Place, London, SE11 5BN.pdf"
"10 Gas Holder Place, London, SE11 5BN",01/05/2025,1,9,B.1-9-7,Type M,1,01/05/2025,"R459-MBS-BZ-09-CT-X-56197 - B197 - HIU Commissioning Cert - Flat 137 - 10 Gas Holder Place, London, SE11 5BN.pdf"
"10 Gas Holder Place, London, SE11 5BN",01/05/2025,1,9,B.1-9-8,Type N,1,01/05/2025,"R459-MBS-BZ-09-CT-X-56198 - B198 - HIU Commissioning Cert - Flat 138 - 10 Gas Holder Place, London, SE11 5BN.pdf"
"10 Gas Holder Place, London, SE11 5BN",01/05/2025,1,9,B.1-9-9,Type A,1,01/05/2025,"R459-MBS-BZ-09-CT-X-56199 - B199 - HIU Commissioning Cert - Flat 139 - 10 Gas Holder Place, London, SE11 5BN.pdf"
"10 Gas Holder Place, London, SE11 5BN",01/05/2025,1,9,B.1-9-10,Type B,1,01/05/2025,"R459-MBS-BZ-09-CT-X-561910 - B1910 - HIU Commissioning Cert - Flat 140 - 10 Gas Holder Place, London, SE11 5BN.pdf"
"10 Gas Holder Place, London, SE11 5BN",01/05/2025,1,10,B.1-10-1,Type QQ,2,01/05/2025,"R459-MBS-BZ-10-CT-X-561101 - B1101 - HIU Commissioning Cert - Flat 141 - 10 Gas Holder Place, London, SE11 5BN.pdf"
"10 Gas Holder Place, London, SE11 5BN",01/05/2025,1,10,B.1-10-2,Type OO-1,2,01/05/2025,"R459-MBS-BZ-10-CT-X-561102 - B1102 - HIU Commissioning Cert - Flat 142 - 10 Gas Holder Place, London, SE11 5BN.pdf"
"10 Gas Holder Place, London, SE11 5BN",01/05/2025,1,10,B.1-10-3,Type RR,3,01/05/2025,"R459-MBS-BZ-10-CT-X-561103 - B1103 - HIU Commissioning Cert - Flat 143 - 10 Gas Holder Place, London, SE11 5BN.pdf"
"10 Gas Holder Place, London, SE11 5BN",01/05/2025,1,10,B.1-10-4,Type JJ,2,01/05/2025,"R459-MBS-BZ-10-CT-X-561104 - B1104 - HIU Commissioning Cert - Flat 144 - 10 Gas Holder Place, London, SE11 5BN.pdf"
"10 Gas Holder Place, London, SE11 5BN",01/05/2025,1,11,B.1-11-1,Type QQ,2,01/05/2025,"R459-MBS-BZ-11-CT-X-561111 - B1111 - HIU Commissioning Cert - Flat 145 - 10 Gas Holder Place, London, SE11 5BN.pdf"
"10 Gas Holder Place, London, SE11 5BN",01/05/2025,1,11,B.1-11-2,Type OO-1,2,01/05/2025,"R459-MBS-BZ-11-CT-X-561112 - B1112 - HIU Commissioning Cert - Flat 146 - 10 Gas Holder Place, London, SE11 5BN.pdf"
"10 Gas Holder Place, London, SE11 5BN",01/05/2025,1,11,B.1-11-3,Type RR-1,3,01/05/2025,"R459-MBS-BZ-11-CT-X-561113 - B1113 - HIU Commissioning Cert - Flat 147 - 10 Gas Holder Place, London, SE11 5BN.pdf"
"10 Gas Holder Place, London, SE11 5BN",01/05/2025,1,11,B.1-11-4,Type LL,2,01/05/2025,"R459-MBS-BZ-11-CT-X-561114 - B1114 - HIU Commissioning Cert - Flat 148 - 10 Gas Holder Place, London, SE11 5BN.pdf"
"10 Gas Holder Place, London, SE11 5BN",01/05/2025,1,12,B.1-12-1,Type QQ,2,01/05/2025,"R459-MBS-BZ-12-CT-X-561121 - B1121 - HIU Commissioning Cert - Flat 149 - 10 Gas Holder Place, London, SE11 5BN.pdf"
"10 Gas Holder Place, London, SE11 5BN",01/05/2025,1,12,B.1-12-2,Type OO-1,2,01/05/2025,"R459-MBS-BZ-12-CT-X-561122 - B1122 - HIU Commissioning Cert - Flat 150 - 10 Gas Holder Place, London, SE11 5BN.pdf"
"10 Gas Holder Place, London, SE11 5BN",01/05/2025,1,12,B.1-12-3,Type RR-1,3,01/05/2025,"R459-MBS-BZ-12-CT-X-561123 - B1123 - HIU Commissioning Cert - Flat 151 - 10 Gas Holder Place, London, SE11 5BN.pdf"
"10 Gas Holder Place, London, SE11 5BN",01/05/2025,1,12,B.1-12-4,Type LL,2,01/05/2025,"R459-MBS-BZ-12-CT-X-561124 - B1124 - HIU Commissioning Cert - Flat 152 - 10 Gas Holder Place, London, SE11 5BN.pdf"
"10 Gas Holder Place, London, SE11 5BN",01/05/2025,1,13,B.1-13-1,Type QQ,2,01/05/2025,"R459-MBS-BZ-13-CT-X-561131 - B1131 - HIU Commissioning Cert - Flat 153 - 10 Gas Holder Place, London, SE11 5BN.pdf"
"10 Gas Holder Place, London, SE11 5BN",01/05/2025,1,13,B.1-13-2,Type OO-1,2,01/05/2025,"R459-MBS-BZ-13-CT-X-561132 - B1132 - HIU Commissioning Cert - Flat 154 - 10 Gas Holder Place, London, SE11 5BN.pdf"
"10 Gas Holder Place, London, SE11 5BN",01/05/2025,1,13,B.1-13-3,Type RR-1,3,01/05/2025,"R459-MBS-BZ-13-CT-X-561133 - B1133 - HIU Commissioning Cert - Flat 155 - 10 Gas Holder Place, London, SE11 5BN.pdf"
"10 Gas Holder Place, London, SE11 5BN",01/05/2025,1,13,B.1-13-4,Type LL,2,01/05/2025,"R459-MBS-BZ-13-CT-X-561134 - B1134 - HIU Commissioning Cert - Flat 156 - 10 Gas Holder Place, London, SE11 5BN.pdf"
"10 Gas Holder Place, London, SE11 5BN",01/05/2025,1,14,B.1-14-1,Type QQ,2,01/05/2025,"R459-MBS-BZ-14-CT-X-561141 - B1141 - HIU Commissioning Cert - Flat 157 - 10 Gas Holder Place, London, SE11 5BN.pdf"
"10 Gas Holder Place, London, SE11 5BN",01/05/2025,1,14,B.1-14-2,Type OO-1,2,01/05/2025,"R459-MBS-BZ-14-CT-X-561142 - B1142 - HIU Commissioning Cert - Flat 158 - 10 Gas Holder Place, London, SE11 5BN.pdf"
"10 Gas Holder Place, London, SE11 5BN",01/05/2025,1,14,B.1-14-3,Type RR-1,3,01/05/2025,"R459-MBS-BZ-14-CT-X-561143 - B1143 - HIU Commissioning Cert - Flat 159 - 10 Gas Holder Place, London, SE11 5BN.pdf"
"10 Gas Holder Place, London, SE11 5BN",01/05/2025,1,14,B.1-14-4,Type LL-1,2,01/05/2025,"R459-MBS-BZ-14-CT-X-561144 - B1144 - HIU Commissioning Cert - Flat 160 - 10 Gas Holder Place, London, SE11 5BN.pdf"
"10 Gas Holder Place, London, SE11 5BN",01/05/2025,1,15,B.1-15-1,Type WW,3,01/05/2025,"R459-MBS-BZ-15-CT-X-561151 - B1151 - HIU Commissioning Cert - Flat 161 - 10 Gas Holder Place, London, SE11 5BN.pdf"
"10 Gas Holder Place, London, SE11 5BN",01/05/2025,1,15,B.1-15-2,Type SS,3,01/05/2025,"R459-MBS-BZ-15-CT-X-561152 - B1152 - HIU Commissioning Cert - Flat 162 - 10 Gas Holder Place, London, SE11 5BN.pdf"
"10 Gas Holder Place, London, SE11 5BN",01/05/2025,1,15,B.1-15-3,Type XX,3,01/05/2025,"R459-MBS-BZ-15-CT-X-561153 - B1153 - HIU Commissioning Cert - Flat 163 - 10 Gas Holder Place, London, SE11 5BN.pdf"
"10 Gas Holder Place, London, SE11 5BN",01/05/2025,1,16,B.1-16-1,Type WW,3,01/05/2025,"R459-MBS-BZ-16-CT-X-561161 - B1161 - HIU Commissioning Cert - Flat 164 - 10 Gas Holder Place, London, SE11 5BN.pdf"
"10 Gas Holder Place, London, SE11 5BN",01/05/2025,1,16,B.1-16-2,Type SS,3,01/05/2025,"R459-MBS-BZ-16-CT-X-561162 - B1162 - HIU Commissioning Cert - Flat 165 - 10 Gas Holder Place, London, SE11 5BN.pdf"
"10 Gas Holder Place, London, SE11 5BN",01/05/2025,1,16,B.1-16-3,Type XX,3,01/05/2025,"R459-MBS-BZ-16-CT-X-561163 - B1163 - HIU Commissioning Cert - Flat 166 - 10 Gas Holder Place, London, SE11 5BN.pdf"
"10 Gas Holder Place, London, SE11 5BN",01/05/2025,1,17,B.1-17-1,Type YY,3,01/05/2025,"R459-MBS-BZ-17-CT-X-561171 - B1171 - HIU Commissioning Cert - Flat 167 - 10 Gas Holder Place, London, SE11 5BN.pdf"
"10 Gas Holder Place, London, SE11 5BN",01/05/2025,1,17,B.1-17-2,Type TT,3,01/05/2025,"R459-MBS-BZ-17-CT-X-561172 - B1172 - HIU Commissioning Cert - Flat 168 - 10 Gas Holder Place, London, SE11 5BN.pdf"
"10 Gas Holder Place, London, SE11 5BN",01/05/2025,1,17,B.1-17-3,Type XX,3,01/05/2025,"R459-MBS-BZ-17-CT-X-561173 - B1173 - HIU Commissioning Cert - Flat 169 - 10 Gas Holder Place, London, SE11 5BN.pdf"
"10 Gas Holder Place, London, SE11 5BN",01/05/2025,1,18,B.1-18-1,Type YY,3,01/05/2025,"R459-MBS-BZ-18-CT-X-561181 - B1181 - HIU Commissioning Cert - Flat 170 - 10 Gas Holder Place, London, SE11 5BN.pdf"
"10 Gas Holder Place, London, SE11 5BN",01/05/2025,1,18,B.1-18-2,Type TT,3,01/05/2025,"R459-MBS-BZ-18-CT-X-561182 - B1182 - HIU Commissioning Cert - Flat 171 - 10 Gas Holder Place, London, SE11 5BN.pdf"
"10 Gas Holder Place, London, SE11 5BN",01/05/2025,1,18,B.1-18-3,Type XX,3,01/05/2025,"R459-MBS-BZ-18-CT-X-561183 - B1183 - HIU Commissioning Cert - Flat 172 - 10 Gas Holder Place, London, SE11 5BN.pdf"
"9 Woodall Way, London, SE11 5BQ",01/05/2025,2,0,B.2-0-1,Type DD,2,01/05/2025,"R459-MBS-BZ-00-CT-X-56201 - B201 - HIU Commissioning Cert - Flat 1 - 9 Woodall Way, London, SE11 5BQ.pdf"
"7 Woodall Way, London, SE11 5BP",01/05/2025,2,0,B.2-0-2,Type EE,2,01/05/2025,"R459-MBS-BZ-00-CT-X-56202 - B202 - HIU Commissioning Cert - 7 Woodall Way, London, SE11 5BP.pdf"
"5 Woodall Way, London, SE11 5BP",01/05/2025,2,0,B.2-0-3,Type G,1,01/05/2025,"R459-MBS-BZ-00-CT-X-56203 - B203 - HIU Commissioning Cert - 5 Woodall Way, London, SE11 5BP.pdf"
"3 Woodall Way, London, SE11 5BP",01/05/2025,2,0,B.2-0-4,Type MM,2,01/05/2025,"R459-MBS-BZ-00-CT-X-56204 - B204 - HIU Commissioning Cert - 3 Woodall Way, London, SE11 5BP.pdf"
"1 Woodall Way, London, SE11 5BP",01/05/2025,2,0,B.2-0-5,Type H,1,01/05/2025,"R459-MBS-BZ-00-CT-X-56205 - B205 - HIU Commissioning Cert - 1 Woodall Way, London, SE11 5BP.pdf"
"10 Gas Holder Place, London, SE11 5BF",01/05/2025,2,1,B.2-1-1,Type C-1,1,01/05/2025,"R459-MBS-BZ-01-CT-X-56211 - B211 - HIU Commissioning Cert - Flat 21 - 10 Gas Holder Place, London, SE11 5BF.pdf"
"10 Gas Holder Place, London, SE11 5BF",01/05/2025,2,1,B.2-1-2,Type AC-1,1,01/05/2025,"R459-MBS-BZ-01-CT-X-56212 - B212 - HIU Commissioning Cert - Flat 22 - 10 Gas Holder Place, London, SE11 5BF.pdf"
"10 Gas Holder Place, London, SE11 5BF",01/05/2025,2,1,B.2-1-3,Type O-1,1,01/05/2025,"R459-MBS-BZ-01-CT-X-56213 - B213 - HIU Commissioning Cert - Flat 12 - 10 Gas Holder Place, London, SE11 5BF.pdf"
"10 Gas Holder Place, London, SE11 5BF",01/05/2025,2,1,B.2-1-4,Type P-1,1,01/05/2025,"R459-MBS-BZ-01-CT-X-56214 - B214 - HIU Commissioning Cert - Flat 13 - 10 Gas Holder Place, London, SE11 5BF.pdf"
"10 Gas Holder Place, London, SE11 5BF",01/05/2025,2,1,B.2-1-5,Type PP,2,01/05/2025,"R459-MBS-BZ-01-CT-X-56215 - B215 - HIU Commissioning Cert - Flat 14 - 10 Gas Holder Place, London, SE11 5BF.pdf"
"10 Gas Holder Place, London, SE11 5BF",01/05/2025,2,1,B.2-1-6,Type Q-1,1,01/05/2025,"R459-MBS-BZ-01-CT-X-56216 - B216 - HIU Commissioning Cert - Flat 15 - 10 Gas Holder Place, London, SE11 5BF.pdf"
"10 Gas Holder Place, London, SE11 5BF",01/05/2025,2,1,B.2-1-7,Type R,1,01/05/2025,"R459-MBS-BZ-01-CT-X-56217 - B217 - HIU Commissioning Cert - Flat 16 - 10 Gas Holder Place, London, SE11 5BF.pdf"
"10 Gas Holder Place, London, SE11 5BF",01/05/2025,2,1,B.2-1-8,Type S-1,1,01/05/2025,"R459-MBS-BZ-01-CT-X-56218 - B218 - HIU Commissioning Cert - Flat 17 - 10 Gas Holder Place, London, SE11 5BF.pdf"
"10 Gas Holder Place, London, SE11 5BF",01/05/2025,2,1,B.2-1-9,Type GG-1,2,01/05/2025,"R459-MBS-BZ-01-CT-X-56219 - B219 - HIU Commissioning Cert - Flat 18 - 10 Gas Holder Place, London, SE11 5BF.pdf"
"10 Gas Holder Place, London, SE11 5BF",01/05/2025,2,1,B.2-1-10,Type T-1,1,01/05/2025,"R459-MBS-BZ-01-CT-X-562110 - B2110 - HIU Commissioning Cert - Flat 19 - 10 Gas Holder Place, London, SE11 5BF.pdf"
"10 Gas Holder Place, London, SE11 5BF",01/05/2025,2,1,B.2-1-11,Type U-1,1,01/05/2025,"R459-MBS-BZ-01-CT-X-562111 - B2111 - HIU Commissioning Cert - Flat 20 - 10 Gas Holder Place, London, SE11 5BF.pdf"
"10 Gas Holder Place, London, SE11 5BF",01/05/2025,2,2,B.2-2-1,Type C,1,01/05/2025,"R459-MBS-BZ-02-CT-X-56221 - B221 - HIU Commissioning Cert - Flat 43 - 10 Gas Holder Place, London, SE11 5BF.pdf"
"10 Gas Holder Place, London, SE11 5BF",01/05/2025,2,2,B.2-2-2,Type AC,1,01/05/2025,"R459-MBS-BZ-02-CT-X-56222 - B222 - HIU Commissioning Cert - Flat 44 - 10 Gas Holder Place, London, SE11 5BF.pdf"
"10 Gas Holder Place, London, SE11 5BF",01/05/2025,2,2,B.2-2-3,Type O,1,01/05/2025,"R459-MBS-BZ-02-CT-X-56223 - B223 - HIU Commissioning Cert - Flat 34 - 10 Gas Holder Place, London, SE11 5BF.pdf"
"10 Gas Holder Place, London, SE11 5BF",01/05/2025,2,2,B.2-2-4,Type P,1,01/05/2025,"R459-MBS-BZ-02-CT-X-56224 - B224 - HIU Commissioning Cert - Flat 35 - 10 Gas Holder Place, London, SE11 5BF.pdf"
"10 Gas Holder Place, London, SE11 5BF",01/05/2025,2,2,B.2-2-5,Type PP,2,01/05/2025,"R459-MBS-BZ-02-CT-X-56225 - B225 - HIU Commissioning Cert - Flat 36 - 10 Gas Holder Place, London, SE11 5BF.pdf"
"10 Gas Holder Place, London, SE11 5BF",01/05/2025,2,2,B.2-2-6,Type Q,1,01/05/2025,"R459-MBS-BZ-02-CT-X-56226 - B226 - HIU Commissioning Cert - Flat 37 - 10 Gas Holder Place, London, SE11 5BF.pdf"
"10 Gas Holder Place, London, SE11 5BF",01/05/2025,2,2,B.2-2-7,Type R,1,01/05/2025,"R459-MBS-BZ-02-CT-X-56227 - B227 - HIU Commissioning Cert - Flat 38 - 10 Gas Holder Place, London, SE11 5BF.pdf"
"10 Gas Holder Place, London, SE11 5BF",01/05/2025,2,2,B.2-2-8,Type S,1,01/05/2025,"R459-MBS-BZ-02-CT-X-56228 - B228 - HIU Commissioning Cert - Flat 39 - 10 Gas Holder Place, London, SE11 5BF.pdf"
"10 Gas Holder Place, London, SE11 5BF",01/05/2025,2,2,B.2-2-9,Type GG,2,01/05/2025,"R459-MBS-BZ-02-CT-X-56229 - B229 - HIU Commissioning Cert - Flat 40 - 10 Gas Holder Place, London, SE11 5BF.pdf"
"10 Gas Holder Place, London, SE11 5BF",01/05/2025,2,2,B.2-2-10,Type T-2,1,01/05/2025,"R459-MBS-BZ-02-CT-X-562210 - B2210 - HIU Commissioning Cert - Flat 41 - 10 Gas Holder Place, London, SE11 5BF.pdf"
"10 Gas Holder Place, London, SE11 5BF",01/05/2025,2,2,B.2-2-11,Type U-1,1,01/05/2025,"R459-MBS-BZ-02-CT-X-562211 - B2211 - HIU Commissioning Cert - Flat 42 - 10 Gas Holder Place, London, SE11 5BF.pdf"
"10 Gas Holder Place, London, SE11 5BF",01/05/2025,2,3,B.2-3-1,Type C,1,01/05/2025,"R459-MBS-BZ-03-CT-X-56231 - B231 - HIU Commissioning Cert - Flat 64 - 10 Gas Holder Place, London, SE11 5BF.pdf"
"10 Gas Holder Place, London, SE11 5BF",01/05/2025,2,3,B.2-3-2,Type AC,1,01/05/2025,"R459-MBS-BZ-03-CT-X-56232 - B232 - HIU Commissioning Cert - Flat 65 - 10 Gas Holder Place, London, SE11 5BF.pdf"
"10 Gas Holder Place, London, SE11 5BF",01/05/2025,2,3,B.2-3-3,Type O,1,01/05/2025,"R459-MBS-BZ-03-CT-X-56233 - B233 - HIU Commissioning Cert - Flat 56 - 10 Gas Holder Place, London, SE11 5BF.pdf"
"10 Gas Holder Place, London, SE11 5BF",01/05/2025,2,3,B.2-3-4,Type P,1,01/05/2025,"R459-MBS-BZ-03-CT-X-56234 - B234 - HIU Commissioning Cert - Flat 57 - 10 Gas Holder Place, London, SE11 5BF.pdf"
"10 Gas Holder Place, London, SE11 5BF",01/05/2025,2,3,B.2-3-5,Type PP,2,01/05/2025,"R459-MBS-BZ-03-CT-X-56235 - B235 - HIU Commissioning Cert - Flat 58 - 10 Gas Holder Place, London, SE11 5BF.pdf"
"10 Gas Holder Place, London, SE11 5BF",01/05/2025,2,3,B.2-3-6,Type AD,2,01/05/2025,"R459-MBS-BZ-03-CT-X-56236 - B236 - HIU Commissioning Cert - Flat 59 - 10 Gas Holder Place, London, SE11 5BF.pdf"
"10 Gas Holder Place, London, SE11 5BF",01/05/2025,2,3,B.2-3-8,Type AE,2,01/05/2025,"R459-MBS-BZ-03-CT-X-56238 - B238 - HIU Commissioning Cert - Flat 60 - 10 Gas Holder Place, London, SE11 5BF.pdf"
"10 Gas Holder Place, London, SE11 5BF",01/05/2025,2,3,B.2-3-9,Type GG,2,01/05/2025,"R459-MBS-BZ-03-CT-X-56239 - B239 - HIU Commissioning Cert - Flat 61 - 10 Gas Holder Place, London, SE11 5BF.pdf"
"10 Gas Holder Place, London, SE11 5BF",01/05/2025,2,3,B.2-3-10,Type T,1,01/05/2025,"R459-MBS-BZ-03-CT-X-562310 - B2310 - HIU Commissioning Cert - Flat 62 - 10 Gas Holder Place, London, SE11 5BF.pdf"
"10 Gas Holder Place, London, SE11 5BF",01/05/2025,2,3,B.2-3-11,Type U,1,01/05/2025,"R459-MBS-BZ-03-CT-X-562311 - B2311 - HIU Commissioning Cert - Flat 63 - 10 Gas Holder Place, London, SE11 5BF.pdf"
"10 Gas Holder Place, London, SE11 5BH",01/05/2025,2,4,B.2-4-1,Type C,1,01/05/2025,"R459-MBS-BZ-04-CT-X-56241 - B241 - HIU Commissioning Cert - Flat 85 - 10 Gas Holder Place, London, SE11 5BH.pdf"
"10 Gas Holder Place, London, SE11 5BH",01/05/2025,2,4,B.2-4-2,Type AC,1,01/05/2025,"R459-MBS-BZ-04-CT-X-56242 - B242 - HIU Commissioning Cert - Flat 86 - 10 Gas Holder Place, London, SE11 5BH.pdf"
"10 Gas Holder Place, London, SE11 5BH",01/05/2025,2,4,B.2-4-3,Type O,1,01/05/2025,"R459-MBS-BZ-04-CT-X-56243 - B243 - HIU Commissioning Cert - Flat 77 - 10 Gas Holder Place, London, SE11 5BH.pdf"
"10 Gas Holder Place, London, SE11 5BH",01/05/2025,2,4,B.2-4-4,Type P,1,01/05/2025,"R459-MBS-BZ-04-CT-X-56244 - B244 - HIU Commissioning Cert - Flat 78 - 10 Gas Holder Place, London, SE11 5BH.pdf"
"10 Gas Holder Place, London, SE11 5BH",01/05/2025,2,4,B.2-4-5,Type PP,2,01/05/2025,"R459-MBS-BZ-04-CT-X-56245 - B245 - HIU Commissioning Cert - Flat 79 - 10 Gas Holder Place, London, SE11 5BH.pdf"
"10 Gas Holder Place, London, SE11 5BH",01/05/2025,2,4,B.2-4-6,Type AD,2,01/05/2025,"R459-MBS-BZ-04-CT-X-56246 - B246 - HIU Commissioning Cert - Flat 80 - 10 Gas Holder Place, London, SE11 5BH.pdf"
"10 Gas Holder Place, London, SE11 5BH",01/05/2025,2,4,B.2-4-8,Type AE,2,01/05/2025,"R459-MBS-BZ-04-CT-X-56248 - B248 - HIU Commissioning Cert - Flat 81 - 10 Gas Holder Place, London, SE11 5BH.pdf"
"10 Gas Holder Place, London, SE11 5BH",01/05/2025,2,4,B.2-4-9,Type GG,2,01/05/2025,"R459-MBS-BZ-04-CT-X-56249 - B249 - HIU Commissioning Cert - Flat 82 - 10 Gas Holder Place, London, SE11 5BH.pdf"
"10 Gas Holder Place, London, SE11 5BH",01/05/2025,2,4,B.2-4-10,Type T,1,01/05/2025,"R459-MBS-BZ-04-CT-X-562410 - B2410 - HIU Commissioning Cert - Flat 83 - 10 Gas Holder Place, London, SE11 5BH.pdf"
"10 Gas Holder Place, London, SE11 5BH",01/05/2025,2,4,B.2-4-11,Type U,1,01/05/2025,"R459-MBS-BZ-04-CT-X-562411 - B2411 - HIU Commissioning Cert - Flat 84 - 10 Gas Holder Place, London, SE11 5BH.pdf"
"9 Woodall Way, London, SE11 5BQ",01/05/2025,2,5,B.2-5-1,Type C,1,01/05/2025,"R459-MBS-BZ-05-CT-X-56251 - B251 - HIU Commissioning Cert - Flat 2 - 9 Woodall Way, London, SE11 5BQ.pdf"
"9 Woodall Way, London, SE11 5BQ",01/05/2025,2,5,B.2-5-2,Type D-1,1,01/05/2025,"R459-MBS-BZ-05-CT-X-56252 - B252 - HIU Commissioning Cert - Flat 3 - 9 Woodall Way, London, SE11 5BQ.pdf"
"9 Woodall Way, London, SE11 5BQ",01/05/2025,2,5,B.2-5-3,Type O,1,01/05/2025,"R459-MBS-BZ-05-CT-X-56253 - B253 - HIU Commissioning Cert - Flat 4 - 9 Woodall Way, London, SE11 5BQ.pdf"
"9 Woodall Way, London, SE11 5BQ",01/05/2025,2,5,B.2-5-4,Type P,1,01/05/2025,"R459-MBS-BZ-05-CT-X-56254 - B254 - HIU Commissioning Cert - Flat 4 - 9 Woodall Way, London, SE11 5BQ.pdf"
"9 Woodall Way, London, SE11 5BQ",01/05/2025,2,5,B.2-5-5,Type PP,2,01/05/2025,"R459-MBS-BZ-05-CT-X-56255 - B255 - HIU Commissioning Cert - Flat 5 - 9 Woodall Way, London, SE11 5BQ.pdf"
"9 Woodall Way, London, SE11 5BQ",01/05/2025,2,5,B.2-5-6,Type AD,2,01/05/2025,"R459-MBS-BZ-05-CT-X-56256 - B256 - HIU Commissioning Cert - Flat 6 - 9 Woodall Way, London, SE11 5BQ.pdf"
"9 Woodall Way, London, SE11 5BQ",01/05/2025,2,5,B.2-5-8,Type AE,2,01/05/2025,"R459-MBS-BZ-05-CT-X-56258 - B258 - HIU Commissioning Cert - Flat 7 - 9 Woodall Way, London, SE11 5BQ.pdf"
"9 Woodall Way, London, SE11 5BQ",01/05/2025,2,5,B.2-5-9,Type GG,2,01/05/2025,"R459-MBS-BZ-05-CT-X-56259 - B259 - HIU Commissioning Cert - Flat 8 - 9 Woodall Way, London, SE11 5BQ.pdf"
"9 Woodall Way, London, SE11 5BQ",01/05/2025,2,5,B.2-5-10,Type T,1,01/05/2025,"R459-MBS-BZ-05-CT-X-2510 - B2510 - HIU Commissioning Cert - Flat 9 - 9 Woodall Way, London, SE11 5BQ.pdf"
"9 Woodall Way, London, SE11 5BQ",01/05/2025,2,5,B.2-5-11,Type U,1,01/05/2025,"R459-MBS-BZ-05-CT-X-2511 - B2511 - HIU Commissioning Cert - Flat 10 - 9 Woodall Way, London, SE11 5BQ.pdf"
"9 Woodall Way, London, SE11 5BQ",01/05/2025,2,6,B.2-6-1,Type C,1,01/05/2025,"R459-MBS-BZ-06-CT-X-261 - B261 - HIU Commissioning Cert - Flat 11 - 9 Woodall Way, London, SE11 5BQ.pdf"
"9 Woodall Way, London, SE11 5BQ",01/05/2025,2,6,B.2-6-2,Type D,1,01/05/2025,"R459-MBS-BZ-06-CT-X-262 - B262 - HIU Commissioning Cert - Flat 12 - 9 Woodall Way, London, SE11 5BQ.pdf"
"9 Woodall Way, London, SE11 5BQ",01/05/2025,2,6,B.2-6-3,Type O,1,01/05/2025,"R459-MBS-BZ-06-CT-X-263 - B263 - HIU Commissioning Cert - Flat 14 - 9 Woodall Way, London, SE11 5BQ.pdf"
"9 Woodall Way, London, SE11 5BQ",01/05/2025,2,6,B.2-6-4,Type P,1,01/05/2025,"R459-MBS-BZ-06-CT-X-264 - B264 - HIU Commissioning Cert - Flat 13 - 9 Woodall Way, London, SE11 5BQ.pdf"
"9 Woodall Way, London, SE11 5BQ",01/05/2025,2,6,B.2-6-5,Type PP,2,01/05/2025,"R459-MBS-BZ-06-CT-X-265 - B265 - HIU Commissioning Cert - Flat 14 - 9 Woodall Way, London, SE11 5BQ.pdf"
"9 Woodall Way, London, SE11 5BQ",01/05/2025,2,6,B.2-6-6,Type AD,2,01/05/2025,"R459-MBS-BZ-06-CT-X-266 - B266 - HIU Commissioning Cert - Flat 15 - 9 Woodall Way, London, SE11 5BQ.pdf"
"9 Woodall Way, London, SE11 5BQ",01/05/2025,2,6,B.2-6-8,Type AE,2,01/05/2025,"R459-MBS-BZ-06-CT-X-268 - B268 - HIU Commissioning Cert - Flat 16 - 9 Woodall Way, London, SE11 5BQ.pdf"
"9 Woodall Way, London, SE11 5BQ",01/05/2025,2,6,B.2-6-9,Type GG,2,01/05/2025,"R459-MBS-BZ-06-CT-X-269 - B269 - HIU Commissioning Cert - Flat 17 - 9 Woodall Way, London, SE11 5BQ.pdf"
"9 Woodall Way, London, SE11 5BQ",01/05/2025,2,6,B.2-6-10,Type T,1,01/05/2025,"R459-MBS-BZ-06-CT-X-2610 - B2610 - HIU Commissioning Cert - Flat 18 - 9 Woodall Way, London, SE11 5BQ.pdf"
"9 Woodall Way, London, SE11 5BQ",01/05/2025,2,6,B.2-6-11,Type U,1,01/05/2025,"R459-MBS-BZ-06-CT-X-2611 - B2611 - HIU Commissioning Cert - Flat 19 - 9 Woodall Way, London, SE11 5BQ.pdf"
"9 Woodall Way, London, SE11 5BQ",01/05/2025,2,7,B.2-7-1,Type C,1,01/05/2025,"R459-MBS-BZ-07-CT-X-271 - B271 - HIU Commissioning Cert - Flat 20 - 9 Woodall Way, London, SE11 5BQ.pdf"
"9 Woodall Way, London, SE11 5BQ",01/05/2025,2,7,B.2-7-2,Type D,1,01/05/2025,"R459-MBS-BZ-07-CT-X-272 - B272 - HIU Commissioning Cert - Flat 21 - 9 Woodall Way, London, SE11 5BQ.pdf"
"9 Woodall Way, London, SE11 5BQ",01/05/2025,2,7,B.2-7-3,Type O,1,01/05/2025,"R459-MBS-BZ-07-CT-X-273 - B273 - HIU Commissioning Cert - Flat 24 - 9 Woodall Way, London, SE11 5BQ.pdf"
"9 Woodall Way, London, SE11 5BQ",01/05/2025,2,7,B.2-7-4,Type P,1,01/05/2025,"R459-MBS-BZ-07-CT-X-274 - B274 - HIU Commissioning Cert - Flat 22 - 9 Woodall Way, London, SE11 5BQ.pdf"
"9 Woodall Way, London, SE11 5BQ",01/05/2025,2,7,B.2-7-5,Type PP,2,01/05/2025,"R459-MBS-BZ-07-CT-X-275 - B275 - HIU Commissioning Cert - Flat 23 - 9 Woodall Way, London, SE11 5BQ.pdf"
"9 Woodall Way, London, SE11 5BQ",01/05/2025,2,7,B.2-7-6,Type AD,2,01/05/2025,"R459-MBS-BZ-07-CT-X-276 - B276 - HIU Commissioning Cert - Flat 24 - 9 Woodall Way, London, SE11 5BQ.pdf"
"9 Woodall Way, London, SE11 5BQ",01/05/2025,2,7,B.2-7-8,Type W,2,01/05/2025,"R459-MBS-BZ-07-CT-X-278 - B278 - HIU Commissioning Cert - Flat 25 - 9 Woodall Way, London, SE11 5BQ.pdf"
"9 Woodall Way, London, SE11 5BQ",01/05/2025,2,7,B.2-7-9,Type X,1,01/05/2025,"R459-MBS-BZ-07-CT-X-279 - B279 - HIU Commissioning Cert - Flat 26 - 9 Woodall Way, London, SE11 5BQ.pdf"
"9 Woodall Way, London, SE11 5BQ",01/05/2025,2,7,B.2-7-10,Type U,1,01/05/2025,"R459-MBS-BZ-07-CT-X-2710 - B2710 - HIU Commissioning Cert - Flat 27 - 9 Woodall Way, London, SE11 5BQ.pdf"
"9 Woodall Way, London, SE11 5BQ",01/05/2025,2,8,B.2-8-1,Type C,1,01/05/2025,"R459-MBS-BZ-08-CT-X-281 - B281 - HIU Commissioning Cert - Flat 28 - 9 Woodall Way, London, SE11 5BQ.pdf"
"9 Woodall Way, London, SE11 5BQ",01/05/2025,2,8,B.2-8-2,Type AG,2,01/05/2025,"R459-MBS-BZ-08-CT-X-282 - B282 - HIU Commissioning Cert - Flat 29 - 9 Woodall Way, London, SE11 5BQ.pdf"
"9 Woodall Way, London, SE11 5BQ",01/05/2025,2,8,B.2-8-4,Type AH,2,01/05/2025,"R459-MBS-BZ-08-CT-X-284 - B284 - HIU Commissioning Cert - Flat 30 - 9 Woodall Way, London, SE11 5BQ.pdf"
"9 Woodall Way, London, SE11 5BQ",01/05/2025,2,8,B.2-8-5,Type PP,2,01/05/2025,"R459-MBS-BZ-08-CT-X-285 - B285 - HIU Commissioning Cert - Flat 31 - 9 Woodall Way, London, SE11 5BQ.pdf"
"9 Woodall Way, London, SE11 5BQ",01/05/2025,2,8,B.2-8-6,Type Q,1,01/05/2025,"R459-MBS-BZ-08-CT-X-286 - B286 - HIU Commissioning Cert - Flat 32 - 9 Woodall Way, London, SE11 5BQ.pdf"
"9 Woodall Way, London, SE11 5BQ",01/05/2025,2,9,B.2-9-1,Type C,1,01/05/2025,"R459-MBS-BZ-09-CT-X-291 - B291 - HIU Commissioning Cert - Flat 33 - 9 Woodall Way, London, SE11 5BQ.pdf"
"9 Woodall Way, London, SE11 5BQ",01/05/2025,2,9,B.2-9-2,Type AG,2,01/05/2025,"R459-MBS-BZ-09-CT-X-292 - B292 - HIU Commissioning Cert - Flat 34 - 9 Woodall Way, London, SE11 5BQ.pdf"
"9 Woodall Way, London, SE11 5BQ",01/05/2025,2,9,B.2-9-4,Type AH,2,01/05/2025,"R459-MBS-BZ-09-CT-X-294 - B294 - HIU Commissioning Cert - Flat 35 - 9 Woodall Way, London, SE11 5BQ.pdf"
"9 Woodall Way, London, SE11 5BQ",01/05/2025,2,9,B.2-9-5,Type PP,2,01/05/2025,"R459-MBS-BZ-09-CT-X-295 - B295 - HIU Commissioning Cert - Flat 36 - 9 Woodall Way, London, SE11 5BQ.pdf"
"9 Woodall Way, London, SE11 5BQ",01/05/2025,2,9,B.2-9-6,Type II,2,01/05/2025,"R459-MBS-BZ-09-CT-X-296 - B296 - HIU Commissioning Cert - Flat 37 - 9 Woodall Way, London, SE11 5BQ.pdf"
"9 Woodall Way, London, SE11 5BQ",01/05/2025,2,10,B.2-10-1,Type KK,2,01/05/2025,"R459-MBS-BZ-10-CT-X-2101 - B2101 - HIU Commissioning Cert - Flat 38 - 9 Woodall Way, London, SE11 5BQ.pdf"
"9 Woodall Way, London, SE11 5BQ",01/05/2025,2,10,B.2-10-2,Type Y,2,01/05/2025,"R459-MBS-BZ-10-CT-X-2102 - B2102 - HIU Commissioning Cert - Flat 39 - 9 Woodall Way, London, SE11 5BQ.pdf"
"9 Woodall Way, London, SE11 5BQ",01/05/2025,2,10,B.2-10-4,Type AA,2,01/05/2025,"R459-MBS-BZ-10-CT-X-2104 - B2104 - HIU Commissioning Cert - Flat 40 - 9 Woodall Way, London, SE11 5BQ.pdf"
"9 Woodall Way, London, SE11 5BQ",01/05/2025,2,10,B.2-10-5,Type II,2,01/05/2025,"R459-MBS-BZ-10-CT-X-2105 - B2105 - HIU Commissioning Cert - Flat 41 - 9 Woodall Way, London, SE11 5BQ.pdf"
"9 Woodall Way, London, SE11 5BQ",01/05/2025,2,11,B.2-11-1,Type UU,3,01/05/2025,"R459-MBS-BZ-11-CT-X-2111 - B2111 - HIU Commissioning Cert - Flat 42 - 9 Woodall Way, London, SE11 5BQ.pdf"
"9 Woodall Way, London, SE11 5BQ",01/05/2025,2,11,B.2-11-2,Type VV,3,01/05/2025,"R459-MBS-BZ-11-CT-X-2112 - B2112 - HIU Commissioning Cert - Flat 43 - 9 Woodall Way, London, SE11 5BQ.pdf"
